balitoday	1
whatiwantforchristmasin4words	1
peopleschoiceawardsniallhoran	1
MacysThanksgivingDayParade	1
SeventeenSBSPopAsiaAwards	1
SaanseinReleasingTomorrow	1
HappyThanksgivingEveryone	1
EXOLottoSBSPopAsiaAwards	1
CharlieBrownThanksgiving	1
WinchesterThanksgivings	1
PresidentElectTrump2016	1
CHPTarafınıBelliEtti	1
AsjadNazirsexyList2016	1
MTVStarsFifthHarmony	1
DeModitisation_March	1
notyourmamaskitchen	1
IvoteDeborahVanessa	1
partnershipworking	1
Thanksgivingdinner	1
PanasonicPhonefest	1
MtvStarsNiallHoran	1
MmsExposesModiLoot	1
MmSExposesModiLoot	1
JioZindagiWithAlia	1
GobbleTilYouWobble	1
BlessedAndGrateful	1
wildlifeWednesday	1
justimaginebakery	1
TeletextBamboozle	1
PrettyLittleLiars	1
LifestyleMedicine	1
stockingstuffers	1
southeasttraders	1
otspsecretsister	1
luckywalkerhomes	1
holidaygiftguide	1
happythanksgivng	1
happythankgiving	1
S3SongsTracklist	1
KunalKaranKapoor	1
HongKongOpen2016	1
FootballisFamily	1
CaptainFantastic	1
BoldandBeautiful	1
AccióndeGracias	1
AP40FifthHarmony	1
daniele_baraldi	1
TwitterTakeOver	1
SsharadMalhotra	1
SouthamptonGolf	1
MissionToSydney	1
HealthIsPrimary	1
FreedomOfSpeech	1
BloggingInKenya	1
overlord_anime	1
kellerwilliams	1
hillandfriends	1
demonetisation	1
coffeeshopnews	1
UoEClassOf2016	1
ThankYouStevie	1
Pathfinder2016	1
DontEatTooMuch	1
Demonetization	1
DINdebateAgain	1
southerncharm	1
pitutourjogja	1
carsonleuders	1
agnproduksjon	1
aamarbukeyATK	1
WeCanGetAlong	1
TeamVRod4Life	1
StevenGerrard	1
PantherFamily	1
ManveerGurjar	1
ManmohanSingh	1
KavalaiVendam	1
GratefulForEm	1
BrandonIngram	1
BeingThankful	1
standingrock	1
philadelphia	1
oneworldnews	1
kitchenqueen	1
givingthanks	1
callawaygolf	1
biologyrules	1
WellBeyond60	1
ShootSpinOff	1
PeterWillcox	1
Northeastern	1
HeismanHouse	1
Firefighters	1
CityofRefuge	1
CFAPeachBowl	1
AuditTheVote	1
twitterchat	1
sweepstakes	1
southampton	1
musiclovers	1
kvalvikbait	1
ihomefinder	1
etsyholiday	1
entertainer	1
celebration	1
beautyqueen	1
VivianDsena	1
Tommasiwine	1
TeamBonding	1
TIMYTrouble	1
SinghIsKing	1
SEAAquarium	1
RWRUNSTREAK	1
Photography	1
MamboleoApp	1
LauraFraser	1
Gutterbrush	1
GraniteGold	1
CyberMonday	1
ClassicRock	1
BlackFriday	1
BestHoliday	1
prevention	1
hongkongss	1
bærekraft	1
buttfumble	1
atlrealtor	1
asknandita	1
Verizon360	1
TurkeyTrot	1
TeamADELLE	1
SoundCloud	1
SanchezDay	1
PixiesLive	1
ParamSingh	1
LionHeart2	1
Golflovers	1
GodIsGreat	1
Eyewitness	1
Caregiving	1
California	1
CUBSNATION	1
yesyesyes	1
thankful4	1
singapore	1
reggaeton	1
newsingle	1
marketing	1
ipadgames	1
holeinone	1
feslerfam	1
fairfield	1
TurkeyDay	1
StormHour	1
Seventeen	1
Runkeeper	1
RaviDubey	1
RailaBill	1
LionHeart	1
LasCondes	1
J2Nuggets	1
HailState	1
Gratitude	1
Gateshead	1
Elections	1
DubNation	1
BigBoss10	1
BallotBox	1
AWANInews	1
strategy	1
skincare	1
homemade	1
grateful	1
giftshop	1
football	1
easyread	1
booktube	1
beaumont	1
VamosMal	1
ThankYou	1
StarWars	1
SVfamily	1
PLLSquad	1
Fanpower	1
Champion	1
Catholic	1
Casisano	1
Brunello	1
Breaking	1
Bairavaa	1
BackTo60	1
AshaNegi	1
American	1
50sWomen	1
1pmlunch	1
tourism	1
swamiom	1
student	1
newsong	1
inmates	1
holiday	1
germany	1
fashion	1
biomasa	1
astoria	1
Yardmax	1
Torwart	1
Tooting	1
SMSTeam	1
Mustafi	1
ISL2016	1
Holland	1
GoBeavs	1
Glasgow	1
Fútbol	1
Friends	1
Foundry	1
Dhaakad	1
Detroit	1
Brewers	1
AXNTARA	1
winter	1
uganda	1
terror	1
sydney	1
quotes	1
planes	1
nofima	1
london	1
hungry	1
hockey	1
health	1
giving	1
erwt16	1
dublin	1
dinner	1
badung	1
ausvsa	1
arabic	1
Sports	1
Praise	1
Police	1
Merica	1
Marvel	1
Legend	1
Israel	1
Gotham	1
Cancer	1
Artist	1
ARSPSG	1
yummy	1
rehab	1
paris	1
mannu	1
islam	1
heart	1
feast	1
egypt	1
dfwwx	1
boobs	1
beers	1
Waspi	1
Veeru	1
Titan	1
Suena	1
SMTTT	1
Polls	1
POTUS	1
NMApp	1
Music	1
Messi	1
Isles	1
Happy	1
GTHOM	1
Craft	1
Arson	1
ynwa	1
toys	1
tech	1
spdc	1
sons	1
sexy	1
sale	1
porn	1
ootd	1
nufc	1
nude	1
news	1
love	1
ipad	1
iowa	1
golf	1
gift	1
cute	1
bb10	1
YNWA	1
WYEP	1
UNGA	1
NECA	1
Live	1
LRCR	1
Kahn	1
GoNU	1
EWTN	1
CCVC	1
BOGO	1
Army	1
6abc	1
2k16	1
yum	1
tbt	1
sex	1
nyc	1
hot	1
ham	1
WWE	1
USA	1
TBT	1
NHL	1
LDC	1
God	1
GBO	1
EXO	1
AYM	1
np	1
IA	1
FX	1
FF	1
DC	1
SaddaHaq	2
PS4BlackFriday	2
BBC	2
UKIP	2
Retraite	2
HeartofAsia	2
ThrowbackThursday	2
News	2
RetroFitFam	2
OnePride	2
HinaKhan	2
BREAKING	2
NHS	2
FelizJueves	2
HongkongSS	2
westbrom	2
Turkey	2
Ancelotti	2
TejasswiPrakash	2
happythanksgivingeveryone	2
Charleston	2
WASvsDAL	2
bostonmarket	2
EDL	2
androidgames	2
Thankful	2
ManUtd	2
BharatAgainstCorruption	2
android	2
BlackMoney	2
GurmeetChoudhary	2
FOXNEWS	2
thanksgivingthursday	2
Demonetizaton	2
girls	2
thanks	2
BNP	2
DallasCowboys	2
blessed	2
CowboysNation	2
ScreenFilmSummit	2
KushalTandon	2
ThursdayThoughts	2
KitchenQueen	2
OgilvyThanksGiving	2
SBSPopAsia	2
GAMEDAY	2
GobbleGobble	2
MMSexposesModiLoot	2
MacysParade	3
IAmWithModi	3
KrystleDsouza	3
fanpower	3
Bayern	3
UCL	3
famikytime	3
NenjamMarappathillai	3
IAmThankfulFor	3
NamishTaneja	3
turkeyday	3
lfc	3
Adana	3
NoDAPL	3
gameinsight	3
MUFC	3
VarunKapoor	3
Recount2016	3
HellyShah	3
PreetikaRao	3
Liverpool	3
NFL	3
ShantanuMaheshwari	4
LetsFootball	4
RubinaDilaik	4
SexyList2016	4
DeMonetisation	4
S3	4
thankful	4
SanayaIrani	4
AamarBukeyATK	4
family	4
TwitterTakeover	4
GOAvATK	4
ViuViruKeFunde	4
KaranTacker	4
ATK	4
AsjadNazirSexylist2016	5
SwaRagini	5
HarshitaGaur	5
LFC	5
OSoneSone	5
ParthSamthaan	6
world	6
SocialMedia	6
life	6
turkey	6
goodthings	6
healthy	6
food	6
BarunSobti	7
THANKSGIVING	7
TVPersonality2016	8
RachanaParulkar	8
PL	9
NitiTaylor	9
Gerrard	12
happythanksgiving	18
DrashtiDhami	21
HappyThanksgiving	23
NIASHARMA	28
FanPower	29
WhatIWantForChristmasIn4Words	33
thanksgiving	33
Thanksgiving	35
LionHeartCrazeOnPeak	74
AsjadNazirSexyList2016	108
